condition,group,root_id,cell_type,side,rate_hz
odor_a_da1_left,mbons_nonzero,720575940606953858,MBON23,right,51.2
odor_a_da1_left,mbons_nonzero,720575940609959637,MBON32,left,145.8
odor_a_da1_left,mbons_nonzero,720575940610647416,MBON10,right,53.8
odor_a_da1_left,mbons_nonzero,720575940610964946,MBON09,right,196.0
odor_a_da1_left,mbons_nonzero,720575940611344078,MBON20,right,123.0
odor_a_da1_left,mbons_nonzero,720575940612455338,MBON15,right,34.2
odor_a_da1_left,mbons_nonzero,720575940614026193,MBON14,right,145.8
odor_a_da1_left,mbons_nonzero,720575940614392999,MBON29,left,1.4
odor_a_da1_left,mbons_nonzero,720575940614595218,MBON28,left,14.2
odor_a_da1_left,mbons_nonzero,720575940614892182,MBON28,right,10.6
odor_a_da1_left,mbons_nonzero,720575940615221811,MBON10,right,57.2
odor_a_da1_left,mbons_nonzero,720575940616463477,MBON22,left,136.4
odor_a_da1_left,mbons_nonzero,720575940617302365,MBON07,left,162.0
odor_a_da1_left,mbons_nonzero,720575940617552340,MBON02,right,149.0
odor_a_da1_left,mbons_nonzero,720575940617567206,MBON23,left,1.0
odor_a_da1_left,mbons_nonzero,720575940617749538,MBON11,right,229.0
odor_a_da1_left,mbons_nonzero,720575940618008859,MBON30,left,2.0
odor_a_da1_left,mbons_nonzero,720575940620715224,MBON21,left,1.0
odor_a_da1_left,mbons_nonzero,720575940621164720,MBON05,left,207.2
odor_a_da1_left,mbons_nonzero,720575940621828443,MBON12,left,142.2
odor_a_da1_left,mbons_nonzero,720575940622093436,MBON15,right,14.2
odor_a_da1_left,mbons_nonzero,720575940622997453,MBON18,right,4.4
odor_a_da1_left,mbons_nonzero,720575940623001480,MBON12,right,126.6
odor_a_da1_left,mbons_nonzero,720575940623182847,MBON33,left,76.0
odor_a_da1_left,mbons_nonzero,720575940623201833,MBON11,left,232.6
odor_a_da1_left,mbons_nonzero,720575940623381956,MBON07,right,131.2
odor_a_da1_left,mbons_nonzero,720575940623750325,"MBON25,MBON34",left,18.8
odor_a_da1_left,mbons_nonzero,720575940623905719,MBON12,right,126.8
odor_a_da1_left,mbons_nonzero,720575940624117245,MBON01,right,171.0
odor_a_da1_left,mbons_nonzero,720575940624185095,MBON02,left,133.0
odor_a_da1_left,mbons_nonzero,720575940624280328,MBON33,right,56.6
odor_a_da1_left,mbons_nonzero,720575940624489964,"MBON25,MBON34",right,46.0
odor_a_da1_left,mbons_nonzero,720575940624539284,MBON18,left,95.4
odor_a_da1_left,mbons_nonzero,720575940624659943,"MBON25,MBON34",left,32.8
odor_a_da1_left,mbons_nonzero,720575940626109315,MBON19,right,8.4
odor_a_da1_left,mbons_nonzero,720575940626315010,MBON13,right,67.4
odor_a_da1_left,mbons_nonzero,720575940628783363,MBON07,right,134.0
odor_a_da1_left,mbons_nonzero,720575940629422086,MBON09,left,223.6
odor_a_da1_left,mbons_nonzero,720575940629529722,MBON10,left,32.2
odor_a_da1_left,mbons_nonzero,720575940629585602,MBON10,right,60.8
odor_a_da1_left,mbons_nonzero,720575940629856515,MBON09,left,223.6
odor_a_da1_left,mbons_nonzero,720575940629981440,MBON26,left,0.8
odor_a_da1_left,mbons_nonzero,720575940630075703,MBON12,left,148.6
odor_a_da1_left,mbons_nonzero,720575940630496374,MBON05,right,241.4
odor_a_da1_left,mbons_nonzero,720575940630767959,MBON15,left,36.4
odor_a_da1_left,mbons_nonzero,720575940630864847,MBON09,right,197.4
odor_a_da1_left,mbons_nonzero,720575940631177803,MBON24,left,100.0
odor_a_da1_left,mbons_nonzero,720575940632118343,MBON10,left,59.4
odor_a_da1_left,mbons_nonzero,720575940632535756,MBON14,left,161.2
odor_a_da1_left,mbons_nonzero,720575940633209647,MBON10,left,48.6
odor_a_da1_left,mbons_nonzero,720575940635063135,MBON22,right,8.0
odor_a_da1_left,mbons_nonzero,720575940635082347,MBON15-like,left,27.4
odor_a_da1_left,mbons_nonzero,720575940635841143,MBON15,left,17.8
odor_a_da1_left,mbons_nonzero,720575940636992368,MBON31,right,84.8
odor_a_da1_left,mbons_nonzero,720575940637902938,MBON35,left,93.4
odor_a_da1_left,mbons_nonzero,720575940637934308,MBON30,right,169.4
odor_a_da1_left,mbons_nonzero,720575940638028607,MBON06,right,196.2
odor_a_da1_left,mbons_nonzero,720575940638163428,MBON06,left,24.6
odor_a_da1_left,mbons_nonzero,720575940638526278,MBON32,right,92.6
odor_a_da1_left,mbons_nonzero,720575940639556467,MBON10,right,63.8
odor_a_da1_left,mbons_nonzero,720575940639697827,MBON14,right,151.8
odor_a_da1_left,mbons_nonzero,720575940642142861,MBON10,left,39.6
odor_a_da1_left,mbons_nonzero,720575940643696288,MBON14,left,169.0
odor_a_da1_left,mbons_nonzero,720575940643863496,MBON20,left,1.8
odor_a_da1_left,mbons_nonzero,720575940645304430,MBON13,left,82.0
odor_a_da1_left,mbons_nonzero,720575940647328900,MBON10,right,56.4
odor_a_da1_left,mbons_nonzero,720575940652390134,MBON07,left,160.0
odor_a_da1_left,pam_nonzero,720575940604479590,PAM08,left,65.6
odor_a_da1_left,pam_nonzero,720575940605113376,PAM08,right,39.6
odor_a_da1_left,pam_nonzero,720575940605280201,PAM08,right,47.6
odor_a_da1_left,pam_nonzero,720575940608071435,PAM08,right,62.6
odor_a_da1_left,pam_nonzero,720575940609414468,PAM04,left,77.6
odor_a_da1_left,pam_nonzero,720575940610430254,PAM07,right,48.6
odor_a_da1_left,pam_nonzero,720575940610569028,PAM08,left,70.0
odor_a_da1_left,pam_nonzero,720575940611129698,PAM10,left,15.0
odor_a_da1_left,pam_nonzero,720575940611918578,PAM08,right,38.0
odor_a_da1_left,pam_nonzero,720575940612623474,PAM08,right,45.2
odor_a_da1_left,pam_nonzero,720575940612802479,PAM04,left,63.2
odor_a_da1_left,pam_nonzero,720575940612857878,PAM08,right,33.0
odor_a_da1_left,pam_nonzero,720575940612920999,PAM11,left,29.2
odor_a_da1_left,pam_nonzero,720575940613338152,PAM04,right,49.8
odor_a_da1_left,pam_nonzero,720575940614991221,PAM08,left,6.0
odor_a_da1_left,pam_nonzero,720575940615607975,PAM01,left,5.2
odor_a_da1_left,pam_nonzero,720575940616882757,PAM11,left,33.8
odor_a_da1_left,pam_nonzero,720575940616986769,PAM08,left,68.0
odor_a_da1_left,pam_nonzero,720575940617145561,PAM01,right,17.8
odor_a_da1_left,pam_nonzero,720575940617242841,PAM08,right,37.8
odor_a_da1_left,pam_nonzero,720575940617553809,PAM08,left,18.4
odor_a_da1_left,pam_nonzero,720575940618744118,PAM01,left,46.2
odor_a_da1_left,pam_nonzero,720575940619101062,PAM11,left,64.6
odor_a_da1_left,pam_nonzero,720575940619251416,PAM08,left,37.8
odor_a_da1_left,pam_nonzero,720575940619299054,PAM08,left,55.2
odor_a_da1_left,pam_nonzero,720575940619402576,PAM07,right,35.0
odor_a_da1_left,pam_nonzero,720575940619785492,PAM01,left,2.4
odor_a_da1_left,pam_nonzero,720575940619823536,PAM08,right,59.8
odor_a_da1_left,pam_nonzero,720575940619844261,PAM08,left,38.0
odor_a_da1_left,pam_nonzero,720575940620260800,PAM05,left,15.6
odor_a_da1_left,pam_nonzero,720575940620341931,PAM07,right,37.6
odor_a_da1_left,pam_nonzero,720575940620423533,PAM10,right,60.2
odor_a_da1_left,pam_nonzero,720575940620576238,PAM10,right,55.4
odor_a_da1_left,pam_nonzero,720575940621085622,PAM08,right,36.4
odor_a_da1_left,pam_nonzero,720575940621136519,PAM11,left,57.6
odor_a_da1_left,pam_nonzero,720575940621216982,PAM08,right,56.0
odor_a_da1_left,pam_nonzero,720575940621462512,PAM01,right,29.2
odor_a_da1_left,pam_nonzero,720575940621617286,PAM08,left,43.8
odor_a_da1_left,pam_nonzero,720575940622107869,PAM08,left,27.2
odor_a_da1_left,pam_nonzero,720575940622338269,PAM08,right,49.8
odor_a_da1_left,pam_nonzero,720575940622387981,PAM08,left,37.4
odor_a_da1_left,pam_nonzero,720575940622701808,PAM11,right,6.8
odor_a_da1_left,pam_nonzero,720575940623201023,PAM04,left,56.0
odor_a_da1_left,pam_nonzero,720575940623398524,PAM08,right,45.8
odor_a_da1_left,pam_nonzero,720575940623696647,PAM05,left,26.6
odor_a_da1_left,pam_nonzero,720575940623792055,PAM10,left,64.2
odor_a_da1_left,pam_nonzero,720575940624545940,PAM07,left,1.2
odor_a_da1_left,pam_nonzero,720575940624629223,PAM07,left,19.4
odor_a_da1_left,pam_nonzero,720575940624661031,PAM10,right,49.4
odor_a_da1_left,pam_nonzero,720575940624859725,PAM04,right,71.0
odor_a_da1_left,pam_nonzero,720575940625568186,PAM08,left,40.6
odor_a_da1_left,pam_nonzero,720575940625615248,PAM04,right,39.4
odor_a_da1_left,pam_nonzero,720575940626420045,PAM04,left,44.4
odor_a_da1_left,pam_nonzero,720575940626506472,PAM11,left,10.4
odor_a_da1_left,pam_nonzero,720575940626878460,PAM10,right,60.2
odor_a_da1_left,pam_nonzero,720575940627103877,PAM04,left,67.2
odor_a_da1_left,pam_nonzero,720575940627194501,PAM07,right,49.8
odor_a_da1_left,pam_nonzero,720575940627644584,PAM08,right,60.0
odor_a_da1_left,pam_nonzero,720575940627680516,PAM07,left,2.6
odor_a_da1_left,pam_nonzero,720575940628094663,PAM07,left,29.6
odor_a_da1_left,pam_nonzero,720575940628615683,PAM01,left,16.6
odor_a_da1_left,pam_nonzero,720575940628687207,PAM01,left,21.8
odor_a_da1_left,pam_nonzero,720575940628836412,PAM08,right,35.4
odor_a_da1_left,pam_nonzero,720575940629579836,PAM04,right,77.4
odor_a_da1_left,pam_nonzero,720575940629960192,PAM10,left,49.6
odor_a_da1_left,pam_nonzero,720575940630500293,PAM08,left,58.8
odor_a_da1_left,pam_nonzero,720575940630684943,PAM08,left,31.2
odor_a_da1_left,pam_nonzero,720575940630777631,PAM05,right,15.2
odor_a_da1_left,pam_nonzero,720575940630868271,PAM11,right,12.4
odor_a_da1_left,pam_nonzero,720575940631184439,PAM08,left,58.8
odor_a_da1_left,pam_nonzero,720575940631198776,PAM04,right,40.8
odor_a_da1_left,pam_nonzero,720575940631443304,PAM01,right,35.2
odor_a_da1_left,pam_nonzero,720575940631576903,PAM07,right,55.0
odor_a_da1_left,pam_nonzero,720575940631636035,PAM04,left,56.4
odor_a_da1_left,pam_nonzero,720575940631688808,PAM01,left,30.0
odor_a_da1_left,pam_nonzero,720575940633145996,PAM01,left,25.4
odor_a_da1_left,pam_nonzero,720575940633406745,PAM10,left,48.8
odor_a_da1_left,pam_nonzero,720575940633688476,PAM04,left,82.0
odor_a_da1_left,pam_nonzero,720575940634953079,PAM11,right,33.8
odor_a_da1_left,pam_nonzero,720575940635356316,PAM04,right,58.2
odor_a_da1_left,pam_nonzero,720575940637391582,PAM01,right,0.8
odor_a_da1_left,pam_nonzero,720575940638163940,PAM10,right,43.2
odor_a_da1_left,pam_nonzero,720575940639075150,PAM10,left,70.6
odor_a_da1_left,pam_nonzero,720575940639358579,PAM11,right,36.8
odor_a_da1_left,pam_nonzero,720575940639566406,PAM01,left,32.2
odor_a_da1_left,pam_nonzero,720575940641062901,PAM01,left,3.8
odor_a_da1_left,pam_nonzero,720575940643311501,PAM10,left,47.8
odor_a_da1_left,pam_nonzero,720575940643543200,PAM07,left,1.6
odor_a_da1_left,pam_nonzero,720575940643950190,PAM07,right,48.4
odor_a_da1_left,pam_nonzero,720575940644146724,PAM10,right,63.8
odor_a_da1_left,pam_nonzero,720575940644747828,PAM08,right,43.0
odor_a_da1_left,pam_nonzero,720575940646564916,PAM08,left,22.8
odor_a_da1_left,pam_nonzero,720575940646582836,PAM08,right,58.8
odor_a_da1_left,pam_nonzero,720575940647165828,PAM07,right,46.6
odor_a_da1_left,pam_nonzero,720575940648330105,PAM06,right,21.4
odor_a_da1_left,pam_nonzero,720575940649649785,PAM01,right,6.4
odor_a_da1_left,pam_nonzero,720575940650745977,PAM10,right,35.0
odor_a_da1_left,pam_nonzero,720575940654661281,PAM01,right,13.6
odor_a_da1_left,ppl1_nonzero,720575940609180611,PPL106,left,149.8
odor_a_da1_left,ppl1_nonzero,720575940615953202,PPL107,left,47.8
odor_a_da1_left,ppl1_nonzero,720575940617691170,PPL101,right,185.6
odor_a_da1_left,ppl1_nonzero,720575940618943389,PPL106,right,155.6
odor_a_da1_left,ppl1_nonzero,720575940619245016,PPL107,right,69.6
odor_a_da1_left,ppl1_nonzero,720575940621040737,PPL101,left,194.6
odor_a_da1_left,ppl1_nonzero,720575940623082665,PPL105,right,101.6
odor_a_da1_left,ppl1_nonzero,720575940624206728,PPL102,left,95.6
odor_a_da1_left,ppl1_nonzero,720575940627549205,PPL104,left,30.4
odor_a_da1_left,ppl1_nonzero,720575940627594568,PPL103,left,143.0
odor_a_da1_left,ppl1_nonzero,720575940631745367,PPL102,right,104.0
odor_a_da1_left,ppl1_nonzero,720575940631758393,PPL103,right,131.2
odor_a_da1_left,ppl1_nonzero,720575940632107335,PPL104,right,5.8
odor_a_da1_left,ppl1_nonzero,720575940647147908,PPL105,left,114.6
odor_a_da1_left,apl_nonzero,720575940613583001,APL,right,311.2
odor_a_da1_left,apl_nonzero,720575940624547622,APL,left,335.8
odor_b_dl2d_left,mbons_nonzero,720575940606953858,MBON23,right,52.6
odor_b_dl2d_left,mbons_nonzero,720575940609959637,MBON32,left,139.8
odor_b_dl2d_left,mbons_nonzero,720575940610647416,MBON10,right,52.6
odor_b_dl2d_left,mbons_nonzero,720575940610964946,MBON09,right,193.4
odor_b_dl2d_left,mbons_nonzero,720575940611344078,MBON20,right,121.6
odor_b_dl2d_left,mbons_nonzero,720575940612455338,MBON15,right,33.8
odor_b_dl2d_left,mbons_nonzero,720575940614026193,MBON14,right,144.4
odor_b_dl2d_left,mbons_nonzero,720575940614392999,MBON29,left,1.0
odor_b_dl2d_left,mbons_nonzero,720575940614595218,MBON28,left,3.0
odor_b_dl2d_left,mbons_nonzero,720575940614892182,MBON28,right,12.4
odor_b_dl2d_left,mbons_nonzero,720575940615221811,MBON10,right,55.6
odor_b_dl2d_left,mbons_nonzero,720575940616463477,MBON22,left,134.4
odor_b_dl2d_left,mbons_nonzero,720575940617302365,MBON07,left,158.2
odor_b_dl2d_left,mbons_nonzero,720575940617552340,MBON02,right,147.0
odor_b_dl2d_left,mbons_nonzero,720575940617567206,MBON23,left,1.0
odor_b_dl2d_left,mbons_nonzero,720575940617749538,MBON11,right,225.2
odor_b_dl2d_left,mbons_nonzero,720575940618008859,MBON30,left,1.0
odor_b_dl2d_left,mbons_nonzero,720575940620715224,MBON21,left,1.0
odor_b_dl2d_left,mbons_nonzero,720575940621164720,MBON05,left,205.0
odor_b_dl2d_left,mbons_nonzero,720575940621828443,MBON12,left,138.8
odor_b_dl2d_left,mbons_nonzero,720575940622093436,MBON15,right,14.0
odor_b_dl2d_left,mbons_nonzero,720575940622997453,MBON18,right,4.6
odor_b_dl2d_left,mbons_nonzero,720575940623001480,MBON12,right,124.6
odor_b_dl2d_left,mbons_nonzero,720575940623182847,MBON33,left,74.4
odor_b_dl2d_left,mbons_nonzero,720575940623201833,MBON11,left,229.2
odor_b_dl2d_left,mbons_nonzero,720575940623381956,MBON07,right,128.2
odor_b_dl2d_left,mbons_nonzero,720575940623750325,"MBON25,MBON34",left,17.4
odor_b_dl2d_left,mbons_nonzero,720575940623905719,MBON12,right,125.2
odor_b_dl2d_left,mbons_nonzero,720575940624117245,MBON01,right,166.8
odor_b_dl2d_left,mbons_nonzero,720575940624185095,MBON02,left,131.2
odor_b_dl2d_left,mbons_nonzero,720575940624280328,MBON33,right,55.0
odor_b_dl2d_left,mbons_nonzero,720575940624489964,"MBON25,MBON34",right,44.6
odor_b_dl2d_left,mbons_nonzero,720575940624539284,MBON18,left,91.8
odor_b_dl2d_left,mbons_nonzero,720575940624659943,"MBON25,MBON34",left,32.4
odor_b_dl2d_left,mbons_nonzero,720575940626109315,MBON19,right,9.0
odor_b_dl2d_left,mbons_nonzero,720575940626315010,MBON13,right,67.6
odor_b_dl2d_left,mbons_nonzero,720575940628783363,MBON07,right,133.0
odor_b_dl2d_left,mbons_nonzero,720575940629422086,MBON09,left,219.4
odor_b_dl2d_left,mbons_nonzero,720575940629529722,MBON10,left,30.6
odor_b_dl2d_left,mbons_nonzero,720575940629585602,MBON10,right,59.6
odor_b_dl2d_left,mbons_nonzero,720575940629856515,MBON09,left,219.0
odor_b_dl2d_left,mbons_nonzero,720575940629981440,MBON26,left,1.0
odor_b_dl2d_left,mbons_nonzero,720575940630075703,MBON12,left,145.6
odor_b_dl2d_left,mbons_nonzero,720575940630496374,MBON05,right,234.0
odor_b_dl2d_left,mbons_nonzero,720575940630767959,MBON15,left,35.0
odor_b_dl2d_left,mbons_nonzero,720575940630864847,MBON09,right,194.0
odor_b_dl2d_left,mbons_nonzero,720575940631177803,MBON24,left,93.6
odor_b_dl2d_left,mbons_nonzero,720575940632118343,MBON10,left,57.2
odor_b_dl2d_left,mbons_nonzero,720575940632535756,MBON14,left,157.6
odor_b_dl2d_left,mbons_nonzero,720575940633209647,MBON10,left,46.4
odor_b_dl2d_left,mbons_nonzero,720575940635063135,MBON22,right,9.8
odor_b_dl2d_left,mbons_nonzero,720575940635082347,MBON15-like,left,26.4
odor_b_dl2d_left,mbons_nonzero,720575940635841143,MBON15,left,15.4
odor_b_dl2d_left,mbons_nonzero,720575940636992368,MBON31,right,85.8
odor_b_dl2d_left,mbons_nonzero,720575940637902938,MBON35,left,89.0
odor_b_dl2d_left,mbons_nonzero,720575940637934308,MBON30,right,171.8
odor_b_dl2d_left,mbons_nonzero,720575940638028607,MBON06,right,192.8
odor_b_dl2d_left,mbons_nonzero,720575940638163428,MBON06,left,23.4
odor_b_dl2d_left,mbons_nonzero,720575940638526278,MBON32,right,92.4
odor_b_dl2d_left,mbons_nonzero,720575940639556467,MBON10,right,62.4
odor_b_dl2d_left,mbons_nonzero,720575940639697827,MBON14,right,150.0
odor_b_dl2d_left,mbons_nonzero,720575940642142861,MBON10,left,38.6
odor_b_dl2d_left,mbons_nonzero,720575940643696288,MBON14,left,166.8
odor_b_dl2d_left,mbons_nonzero,720575940643863496,MBON20,left,1.4
odor_b_dl2d_left,mbons_nonzero,720575940645304430,MBON13,left,78.4
odor_b_dl2d_left,mbons_nonzero,720575940647328900,MBON10,right,55.4
odor_b_dl2d_left,mbons_nonzero,720575940652390134,MBON07,left,156.2
odor_b_dl2d_left,pam_nonzero,720575940604479590,PAM08,left,64.4
odor_b_dl2d_left,pam_nonzero,720575940605113376,PAM08,right,38.6
odor_b_dl2d_left,pam_nonzero,720575940605280201,PAM08,right,47.0
odor_b_dl2d_left,pam_nonzero,720575940608071435,PAM08,right,61.6
odor_b_dl2d_left,pam_nonzero,720575940609414468,PAM04,left,76.8
odor_b_dl2d_left,pam_nonzero,720575940610430254,PAM07,right,48.0
odor_b_dl2d_left,pam_nonzero,720575940610569028,PAM08,left,69.0
odor_b_dl2d_left,pam_nonzero,720575940611129698,PAM10,left,10.6
odor_b_dl2d_left,pam_nonzero,720575940611918578,PAM08,right,37.6
odor_b_dl2d_left,pam_nonzero,720575940612623474,PAM08,right,44.8
odor_b_dl2d_left,pam_nonzero,720575940612802479,PAM04,left,62.0
odor_b_dl2d_left,pam_nonzero,720575940612857878,PAM08,right,31.8
odor_b_dl2d_left,pam_nonzero,720575940612920999,PAM11,left,28.6
odor_b_dl2d_left,pam_nonzero,720575940613338152,PAM04,right,48.6
odor_b_dl2d_left,pam_nonzero,720575940614991221,PAM08,left,4.4
odor_b_dl2d_left,pam_nonzero,720575940615607975,PAM01,left,1.8
odor_b_dl2d_left,pam_nonzero,720575940616882757,PAM11,left,33.0
odor_b_dl2d_left,pam_nonzero,720575940616986769,PAM08,left,65.6
odor_b_dl2d_left,pam_nonzero,720575940617145561,PAM01,right,17.0
odor_b_dl2d_left,pam_nonzero,720575940617242841,PAM08,right,37.2
odor_b_dl2d_left,pam_nonzero,720575940617553809,PAM08,left,17.0
odor_b_dl2d_left,pam_nonzero,720575940618744118,PAM01,left,45.0
odor_b_dl2d_left,pam_nonzero,720575940619101062,PAM11,left,63.0
odor_b_dl2d_left,pam_nonzero,720575940619251416,PAM08,left,37.6
odor_b_dl2d_left,pam_nonzero,720575940619299054,PAM08,left,53.6
odor_b_dl2d_left,pam_nonzero,720575940619402576,PAM07,right,35.2
odor_b_dl2d_left,pam_nonzero,720575940619785492,PAM01,left,0.2
odor_b_dl2d_left,pam_nonzero,720575940619823536,PAM08,right,59.0
odor_b_dl2d_left,pam_nonzero,720575940619844261,PAM08,left,37.0
odor_b_dl2d_left,pam_nonzero,720575940620260800,PAM05,left,14.4
odor_b_dl2d_left,pam_nonzero,720575940620341931,PAM07,right,38.0
odor_b_dl2d_left,pam_nonzero,720575940620423533,PAM10,right,59.6
odor_b_dl2d_left,pam_nonzero,720575940620576238,PAM10,right,55.6
odor_b_dl2d_left,pam_nonzero,720575940621085622,PAM08,right,35.8
odor_b_dl2d_left,pam_nonzero,720575940621136519,PAM11,left,56.4
odor_b_dl2d_left,pam_nonzero,720575940621216982,PAM08,right,55.0
odor_b_dl2d_left,pam_nonzero,720575940621462512,PAM01,right,27.6
odor_b_dl2d_left,pam_nonzero,720575940621617286,PAM08,left,42.4
odor_b_dl2d_left,pam_nonzero,720575940622107869,PAM08,left,26.0
odor_b_dl2d_left,pam_nonzero,720575940622338269,PAM08,right,49.0
odor_b_dl2d_left,pam_nonzero,720575940622387981,PAM08,left,35.8
odor_b_dl2d_left,pam_nonzero,720575940622701808,PAM11,right,6.0
odor_b_dl2d_left,pam_nonzero,720575940623201023,PAM04,left,56.0
odor_b_dl2d_left,pam_nonzero,720575940623398524,PAM08,right,44.4
odor_b_dl2d_left,pam_nonzero,720575940623696647,PAM05,left,26.4
odor_b_dl2d_left,pam_nonzero,720575940623792055,PAM10,left,62.8
odor_b_dl2d_left,pam_nonzero,720575940624545940,PAM07,left,0.8
odor_b_dl2d_left,pam_nonzero,720575940624629223,PAM07,left,18.4
odor_b_dl2d_left,pam_nonzero,720575940624661031,PAM10,right,49.4
odor_b_dl2d_left,pam_nonzero,720575940624859725,PAM04,right,70.2
odor_b_dl2d_left,pam_nonzero,720575940625568186,PAM08,left,40.2
odor_b_dl2d_left,pam_nonzero,720575940625615248,PAM04,right,38.8
odor_b_dl2d_left,pam_nonzero,720575940626420045,PAM04,left,43.8
odor_b_dl2d_left,pam_nonzero,720575940626506472,PAM11,left,10.0
odor_b_dl2d_left,pam_nonzero,720575940626878460,PAM10,right,59.2
odor_b_dl2d_left,pam_nonzero,720575940627103877,PAM04,left,66.0
odor_b_dl2d_left,pam_nonzero,720575940627194501,PAM07,right,49.4
odor_b_dl2d_left,pam_nonzero,720575940627644584,PAM08,right,58.6
odor_b_dl2d_left,pam_nonzero,720575940627680516,PAM07,left,1.8
odor_b_dl2d_left,pam_nonzero,720575940628094663,PAM07,left,28.8
odor_b_dl2d_left,pam_nonzero,720575940628615683,PAM01,left,16.4
odor_b_dl2d_left,pam_nonzero,720575940628687207,PAM01,left,21.2
odor_b_dl2d_left,pam_nonzero,720575940628836412,PAM08,right,35.0
odor_b_dl2d_left,pam_nonzero,720575940629579836,PAM04,right,76.6
odor_b_dl2d_left,pam_nonzero,720575940629960192,PAM10,left,48.6
odor_b_dl2d_left,pam_nonzero,720575940630500293,PAM08,left,58.0
odor_b_dl2d_left,pam_nonzero,720575940630684943,PAM08,left,30.2
odor_b_dl2d_left,pam_nonzero,720575940630777631,PAM05,right,14.8
odor_b_dl2d_left,pam_nonzero,720575940630868271,PAM11,right,11.6
odor_b_dl2d_left,pam_nonzero,720575940631184439,PAM08,left,57.6
odor_b_dl2d_left,pam_nonzero,720575940631198776,PAM04,right,39.0
odor_b_dl2d_left,pam_nonzero,720575940631443304,PAM01,right,34.0
odor_b_dl2d_left,pam_nonzero,720575940631576903,PAM07,right,54.8
odor_b_dl2d_left,pam_nonzero,720575940631636035,PAM04,left,55.6
odor_b_dl2d_left,pam_nonzero,720575940631688808,PAM01,left,28.4
odor_b_dl2d_left,pam_nonzero,720575940633145996,PAM01,left,24.4
odor_b_dl2d_left,pam_nonzero,720575940633406745,PAM10,left,46.2
odor_b_dl2d_left,pam_nonzero,720575940633688476,PAM04,left,80.0
odor_b_dl2d_left,pam_nonzero,720575940634953079,PAM11,right,32.2
odor_b_dl2d_left,pam_nonzero,720575940635356316,PAM04,right,57.2
odor_b_dl2d_left,pam_nonzero,720575940637391582,PAM01,right,0.2
odor_b_dl2d_left,pam_nonzero,720575940638163940,PAM10,right,42.2
odor_b_dl2d_left,pam_nonzero,720575940639075150,PAM10,left,69.6
odor_b_dl2d_left,pam_nonzero,720575940639358579,PAM11,right,36.0
odor_b_dl2d_left,pam_nonzero,720575940639566406,PAM01,left,31.4
odor_b_dl2d_left,pam_nonzero,720575940641062901,PAM01,left,0.4
odor_b_dl2d_left,pam_nonzero,720575940643311501,PAM10,left,47.4
odor_b_dl2d_left,pam_nonzero,720575940643543200,PAM07,left,2.6
odor_b_dl2d_left,pam_nonzero,720575940643950190,PAM07,right,47.8
odor_b_dl2d_left,pam_nonzero,720575940644146724,PAM10,right,63.2
odor_b_dl2d_left,pam_nonzero,720575940644747828,PAM08,right,41.4
odor_b_dl2d_left,pam_nonzero,720575940646564916,PAM08,left,21.4
odor_b_dl2d_left,pam_nonzero,720575940646582836,PAM08,right,57.8
odor_b_dl2d_left,pam_nonzero,720575940647165828,PAM07,right,46.6
odor_b_dl2d_left,pam_nonzero,720575940648330105,PAM06,right,20.8
odor_b_dl2d_left,pam_nonzero,720575940649649785,PAM01,right,3.6
odor_b_dl2d_left,pam_nonzero,720575940650745977,PAM10,right,34.6
odor_b_dl2d_left,pam_nonzero,720575940654661281,PAM01,right,12.6
odor_b_dl2d_left,pam_nonzero,720575940660271745,PAM10,left,0.2
odor_b_dl2d_left,ppl1_nonzero,720575940609180611,PPL106,left,147.4
odor_b_dl2d_left,ppl1_nonzero,720575940615953202,PPL107,left,43.8
odor_b_dl2d_left,ppl1_nonzero,720575940617691170,PPL101,right,182.0
odor_b_dl2d_left,ppl1_nonzero,720575940618943389,PPL106,right,153.2
odor_b_dl2d_left,ppl1_nonzero,720575940619245016,PPL107,right,70.4
odor_b_dl2d_left,ppl1_nonzero,720575940621040737,PPL101,left,191.0
odor_b_dl2d_left,ppl1_nonzero,720575940623082665,PPL105,right,99.6
odor_b_dl2d_left,ppl1_nonzero,720575940624206728,PPL102,left,93.6
odor_b_dl2d_left,ppl1_nonzero,720575940627549205,PPL104,left,28.6
odor_b_dl2d_left,ppl1_nonzero,720575940627594568,PPL103,left,139.4
odor_b_dl2d_left,ppl1_nonzero,720575940631745367,PPL102,right,101.4
odor_b_dl2d_left,ppl1_nonzero,720575940631758393,PPL103,right,128.0
odor_b_dl2d_left,ppl1_nonzero,720575940632107335,PPL104,right,5.4
odor_b_dl2d_left,ppl1_nonzero,720575940647147908,PPL105,left,112.8
odor_b_dl2d_left,apl_nonzero,720575940613583001,APL,right,308.0
odor_b_dl2d_left,apl_nonzero,720575940624547622,APL,left,332.2
